{"0ulvAewQV8kpQUoKKlM9FQ==":"logo.jpg","1Cj6ZGjUE4FylLKXHdXilA==":"logo.jpeg","19ilrMm5loCtGYHuHtpVqQ==":"logo-1.jpeg","POoXAwjWHnDBKPNi8lZa/g==":"homepic1-768x904.jpg","spzieI6VF38A+Yhk1EEX2g==":"category-salad-1080x1080.jpg","38i+GOdk32lJL61+9VVFEQ==":"mainimg-768x432.jpg","uyT0w0rBokHvYfzvozqU6g==":"mainimg-1366x768.jpg","uQH4M+7T4giPwPWidLukfQ==":"mainimg-1-1366x768.jpg","DSrpbyNT27ne9HXNSPguiA==":"mainimg-1-1366x768.jpeg","cjM1s7Hh0vBNd/pIwkO51w==":"mainimg-2-1366x768.jpeg","INC0dC7LpDE0VYqh0cSfxQ==":"mainimg-3-1366x768.jpeg","jLZnqr3PRmh0ywF+rOPJmw==":"mainimg-2-1366x768.jpg","3NiUThzUuamAgPWcW9LPDA==":"mainimg-4-1366x768.jpeg"}